424e53d8413719e348bc8a694d9d22d3a051ce68	6ffa27bc8e78b5e11b2db3d2a898438446b298be	cf8d494dedfcfa5d486291bb05536dfeab4edb98	feat: make frontend heartbeat extensible and lifecycle-safe (#8726)
9c683fccfc11cd5db720b14c7adb22b7d734defd	62d2c43b54c6bc45de5d49305073e396d6daf434	91e09ea7c7d551bf0f60b274eebac71f5e877363	feat(mito2): discard unflushed region data safely (#8600)
6618427fc630545d0ca742ca414ace71c16ebdaa	68605aa64d25a24e14b3bbf0b62e453d97179947	70c81f509f74406b891c574bc0f56d15b031b145	feat: add admin function to discard unflushed data (#8768)
f9135380b5591b82c9ec5bbf1706459672bd72db	523c60c53bdc21fd1b1fa43b857e78de710f0d58	49fecedeb0ec2f57c348307f5fdcfc558de42c59	feat(flow): add flow statistics and SHOW FLOW STATUS (release slice)
c4baa56b23888fa2a2692b39ae01500d3f295efa	375dd569482235914ef09ef5c21e15cc79fcd052	e7d70f590b6e541e520d0e5ffe2c6cacf6913c85	fix(flow): fix flow stats aggregation and df_plan_to_sql quoting (#8729)
be9106be721f8794f83694272a24b90360dc8cbe	96af8e274919eeebb8fff616f2cbd759ae76f376	f5cee69066609355680423f411a08d5dc2ddddb8	fix(flow): retain release heartbeat state compatibility
be0985cc39c648a35328bf9c340a8d32b814ddc6	11e785ed5680dbb07b7cf88ec1b9642cde5ba1e1	aeabf88fa51d87a75eae80f7524de387069b63ea	fix(frontend): remove gRPC DDL panics for DropView and non-timestamp time index (#8739)
5f6ae43ac64f0ea536af04b06c0379b8ae2eea8b	3d7d7e916c5c8643d57d61616c180396193f8911	8144c6c9e00521aef27c7fdc5c02d93633cc39a5	fix(prometheus): custom column remote reads (#8659)
507dda2d88033216f6e12e423bf8c20dd1579ba4	ae9795567690e946a44e10934ba4b18993a36d42	288c8bb148231d3a5d2a402aa236428512e52af7	feat: update to pgwire 0.40.7 (#8860)
1d1ebdcfafc3dc6c4a1d4dfc4b8fc5dd854f34a9	aa1f8202d40fdc4fb4224191d9654f951e25440e	ceefa76a00da94894314399bc81e175e287e2c68	feat: update dashboard to v0.13.13 (#8898)
73b54382b4dd41e4a9201d905c6b196bd37dd9d2	aef820b0edb51ec28c1f6653f2a6ea4a6c9cea9d	5cce3ad2af0e11b6e21300fc6a812f5ea715eda1	chore: restore beta2 lock metadata and flow contract docs
c96b21ef31d6ca8ce950400a3ac35934b842dfc1	5497d5c15e2adf48b18dc390c9bf7f6f09ec859b	4e68a895f408d92c1ece3b1010ea353b61318181	test: remove trailing blank lines from flow sqlness results
556fe09fc4a2b3c1c817666bbca152802f37b0ed		0f7b485324376a7d9ba028b0a667fcc967ba4411	test: restore sqlness result terminators
7d68d8dbe0600b86535293210ec70417e4b2b3d5	7223f2a9b80a476448e3bded312e072cd1585e2a	37685d34b56bc33102599fb6292f48c222c55313	fix(query): avoid unsafe count wildcard rewrites (#8522)
9d8894b7f8b3e3391e4347f1a7a9ce3d1c5182fa	8f6710ba395270f66e4f616baf1f091324f42e2d	d3fec38d139387e30349af4822f94df5b18be767	fix(query): validate merge scan remote schema (#8579)
05c67e4d5f7bdadc9fe4393e95b7b5776b5e4bbf	0abc3bef18f10c622e3a57f94fd84c6352d12fc9,b11b0b42f4e2f323ed77e6e2518b75dfa9117469	560a6122e80325a0ede6f2a6c1a0de800eaae746	refactor: separate a json2 extension type (#8745)
4ab29b22f381156225cf9a50f73e5acc1ba8bbe8	a4f2408141839518608df8a0b144da8383f2d022,4a50fba3a2ed0be9a610ed18b295c2c3645d8cc7	6d6e9d7675fb7f8daeabbe49a4834d6f96298348	refactor(json2): push down json2 type hints to parquet reads (#8833)
0b6c40e7f465273ac424beca3475e82f4def7991	70ddf1685eb63d6faca2d0009fe157369c950f73,5cbab008ffcdd83c0c5603b81448e1a9b2790254	655a9367daf2d04bb8c68bdcc1c0d6fe38342a9c	fix(mito2): fail open when Bloom IN predicate has non-literal or unencodable members (#8709)
1a2e7b81679c602ae76f868b66974af9397d4341	1f4a8ad71cdfc135cf571ea7bca2cb87ed90ad72,7fae38e667a17b3cd3de3f0540cb3a7b6d5a277a	34ee39f1b6fe58887db228f56aa00efff9c2559f	fix(mito): re-encode bulk WAL entry after filling missing columns (#8808)
ec84c0f7177d2f14b1a148cee56d818c41701638	b9afc44d735bcad3918359028aad05abde5bc2a7	ed616b4906e3723e673b0932c70fbd90757fb7c0	fix(mito2): keep deletion markers when compacting part of a window (#8872)
b0b6a9821d9160d598d0a1e3a6cab1b5cfe59a1d	3510ef7d4c13f9afa3ad8fdafa8842f98dfd5cb3,d636d6fd9e9474b262982f54dc5805f80127087a	0e4616e9375b7c8afe3a39d41e33964d98fc935f	feat!: update native histogram unsigned int types (#8824)
824c5acfa7cf1865d2c20b77281c6b12e8e73de7	f479ddb38f3bdaf29fcb2e174bdfb8f5a13c8e19,a6c99a5334af982888f83b17e592316161b21daf	f207ace95b7d6a84560fa1a0bd1d90bfe3aa0c8f	fix(query): respect query timezone in timestamp casts (#8859)
c894a2468c2bbb621bc26bf242046f1c60493460	b2fc4b9cba4c0e137cc6f704d88dfe7f187b57aa,1775e31a7916cf09a7da8238cebea5e3d74817f7	f8a451e88df956a4a2c5cf890ab14b0df1c09541	fix(query): preserve timestamp literal semantics in inserts (#8889)
5e0a6436ee91fb4cb48a1a63564e019be02b3e22	31a4061552eaa3456faef12b290ed1e10e722804,5cef6fe4e14c2847b816009f5838e8e41c9dea94	84dbf94cd9bbd4ce1d6f3e1839f743e851c94309	fix(metric-engine): handle Utf8View tag/label columns without panicking (#8772)
c9c7f0958a45fd1189072947e0df4d1d6de6be5b	6690189d6a07d0bdc03566fed5f2a06306df5cff	19dab136059de7ccbedb0cef9a7276f3be5ca6eb	fix(query): adapt MergeScan JSON extension helpers
3dc37d9f9e955bc98ad7ef86b25ad19553a34136		0026a694c58707c5931cee1509dc3ce2fbac497b	test(query): cover legacy JSON2 remote schema identity
1dd27e9162ef5438e9f44b5a48a040f5c399227a	1aadfa565c32332146e9628dd82455f0f59ce3da	6f5f3b0b5c3bf7fb132292b33f87636fae9cc5a1	fix: cache physical table metadata lookups (#8777)
2927fa339ec677fb632a8940bcd0d43eea78881a	154f90b3652bf9b1b3e7eccc5f277f856a2f3079	a601ac6b71445fad61adf6d00b278b4bc684c692	fix: harden permission checks and process visibility (#8852)
009f78781b5c52f191d26afea9f30584745b4e19	6249623cfb181b0222dfc03224945c625f326f1a	e4e1e70caa4dc324248db150cb131f23069e7b9c	chore: remove iceberg read (#8858)
e9ad585975022b206275afb2735ac480869bcd33	1f1c9270a806658d2c3d9700c8cd1445d687f89f	2b5b810e3e4abe600108650ecf64eaeb354821fa	feat(event): add event context to procedure events (#8734)
0b499475dedfa462e9f951e0bb7b516011a195a0	32e215cad0aa0803991d751bc7b4f44ac1865e62	74696cfc3b3f7ba99d7e7904501283ad0239fa69	fix(event): preserve procedure lifecycle locators (#8787)
e80f539077616507b04df68a85a67f5da1c8f93e	00e45c860222195367943942b8ec21fef46b7cf5	2b95d20e2596a6686b6dacb19b296e08a3c93039	test: fix unknown channel event context expectation (#8832)
5d059c84bd2f7ecb724d5a84501196d57f27481a	72f6cf09bf7f7d78c84514163554ad2a29fc7f05	1cec580ca6b358337c38bf28623c5221ce997c0a	refactor(procedure): centralize event context handling (#8834)
22174d32dadf9ea58073b15c72828db9927969c6	943eee852f292bfffd7240867dc27248216c353f	ce3dd9e39f131562ceb2a013789385a8a9303cba	feat(event): record admin function executions (#8835)
cf6c0033593bd2c6cc617718ff5d0a19a7d9dd1c	1af4c335242e7e5e06ee91bc428a71bb631d0798,1b6ee164f2b4a32afeb7c36fd926bcc651046294	e4a17f7de5d6907d1326a03349a6ed6510e83fce	refactor(event): separate procedure submission context (#8856)
ab808586525877230b9774f2ce29aca590152642	ed4271af403e6fa8898287ddd735c1c984644af7,23e65b404943d53905a2fbe992fcf462acc54556	762375b45e155754798776a1ac0fb37431012d12	feat(procedure): record event actor (#8849)
46edabe916a10c2cafe816b8fe01f0d5da8fffc8		efd3fde1c31691e12c2a8c5f19191b9a59cae473	fix(event): preserve legacy DDL event context compatibility
e61a6df6b2b110badd5755f68010b6439d69ac84		3351de9102b6418207e49c090054b71cc632054d	fix(event): convert legacy submission context once
7b74b73dee01391f30b120537a31ba7b6f5a7076		abaac4c2bb47a8409cea5eb49a26ac3dcff3abc7	style: format beta2 aggregate backports
3e8992f344dedb07b4213fc88912daee0a9fcfb8		3d6f2c76ef3f928a57b9505cb175e334685e33f0	fix: align aggregate lock with proto 335
9bf878f562518d30a412138ad4244d7d8e7867e6		668df91d76785b93a00f279916d2584646a56080	fix: adapt event context tests to release channel API
6595b5d7bf1f59587bf89676d420db7371cdc459		922a4f6141ea7ed051b9c891cb05bbcee0b51e69	fix: adapt frontend event context tests
d18430b874f9c8054747dbf688585cd7d2988e3e	60c7bbcaf30a0e65ad7fa2b2b8ad0c1199a662b1	unavailable	refactor: share query channel definition
fed5c80d7e94bd2c8ab1f7ddac8ab205d993156d	d7f1233f775d54380318d6ad9ff62504a7cbcff1	ba5de162f5dd269aa0081d8d97492c578fc37d05	feat: add JSON2 storage layout settings
5a642091cd2b6185fbe6a08d6f76d8295955152f	b96ea86a621e7283e77e4e37dd4e3ec8dfc44f73	a1011136c44b4f6f2520683739fbd845257c0a0e	feat: add JSON2 physical layout primitives
40e02ff6b62ad3445f7035e437bd9e322c8af31b	d99b0df374eec0329ac3f430e40b80a1e6c6963c; 1a91c76c615afec71239b84af7787a0505bef914 (absorbed)	8c3fca20ce058fd569d436c38bc96e41fc1adbca	fix(query): restore columnar group-by for dictionary-encoded tags
81fd630955f16b9c45811539aa8434b47d5a875b		9469fd7d7cb138515cd72d18861dd00b9dc2b74b	chore: bump version to 1.2.0-beta.2
6f150e01cd4221d4c62c5f7082f6d318b3110e00	b70daafc77c87806afd00521c368545a60e5f574	1ef6788196f8233a3d2ab7183216271210049f9a	fix(meta): release region guards after drop rollback (#8751)
